Conjunto,MAE,RMSE,R²
Entrenamiento,49.487043499124475,79.39705540575532,0.9610082223620994
Prueba,88.69320638020831,126.38398877032594,0.6864180306830243
